smiles,g298_atom
CN=C(C=O)NCCO,-1632.882584494
Cc1cc2n(c1)CCC2,-1878.738728167
Cc1ccncc1C#C,-1642.113869393
CCC1CC1NC=O,-1660.7709669811
Cc1c(n(nn1)C)C,-1502.823186627
COC1CCC(C)C=C1,-2016.9538605071
CC(O)C1(CN1)C#C,-1497.555876081
CCC12CC1CC2,-1652.748891925
CC1=NC2C3NC2C3O1,-1543.239786299
COC12CCC1(O)C2O,-1647.845536599
CC12CC1(O)C1(CC1)O2,-1696.243423242
CC1OC1C1CCCC1,-2012.161574274
c1c(c(n[nH]1)N)CC=O,-1487.027530079
CC1CC2OC12C(C)=O,-1728.49864086
CC#CC(C)CC#N,-1592.6956531161
c1coc(n1)OC(=N)N,-1325.657315639
CC12CC(C1)OCCC2,-2007.277044218
CC1(C)NC1C1(C)CN1,-1934.740141363
c1nc(c(=O)on1)CO,-1240.7854683711
N#CC12CCN1CC=C2,-1621.134988505
C1CNc2c1c([nH]n2)O,-1474.4409545571
Cc1c(cno1)NC=N,-1468.884362362
O=C1C2CCC2C1C#C,-1645.4114291881
OCC1CCCCOC1,-1955.843896542
CCOCCOCC#N,-1736.257162136
CC1=CCCCC11CN1,-1955.0249972971
ON=C1C=CC2OCC12,-1483.1802724
CC1OC(C#N)C1=O,-1265.017983424
COCCC1CC1CO,-1938.361495802
COCC1CC=C(C)C1,-2017.930264511
OCC(O)CC#C,-1313.797395539
OC1(CCOC1=N)C#N,-1426.494874394
CCC1(CO1)C(C)C#C,-1868.7807878461
CCc1cnoc1NC,-1686.113545455
CC1=NNC(=N)C=C1N,-1540.364540061
CCC1CC11OC2CC12,-1860.5089642081
O=C1CC(C#C)C11CC1,-1650.0474656801
ON=C1CC=CCC1O,-1610.109027866
CC1CCC1C1CC1O,-1992.1691375341
N=C1OCCC1C1CC1,-1797.293080039
CCC(O)C#CC#N,-1418.815419252
c1cc(=O)cncc1N,-1481.4859981
N#CC12CC(C1)CCN2,-1735.820415872
N=CN1C2C=CC1C2=O,-1438.489708929
CC1OC1C1CC(C)O1,-1827.90861664
N=C1OC2CNC2C1=O,-1405.354096184
CC1=NC2(C)CCC2O1,-1808.590124566
CC1(O)CC(C1)C#C,-1618.85399329
OC1C2CC1N1CC21,-1490.6946926751
C1C(=O)CC1(CC#N)O,-1529.865059473
CCC(OC)C#CC#C,-1748.681840336
C1CC(=O)C=CCOC1,-1735.9346225101
CC1=CC2(O)CC1(C)C2,-1884.44717754
C#CC1CC1(C#C)C#N,-1460.7022725111
CCC(C)C(=O)C(C)=O,-1875.6884069181
CC1(OCCO1)CO,-1542.437202288
NC12C3NC3C1NC2=O,-1433.275736648
CC1(C#N)C2C3OC2C13,-1514.359312083
C1CC1OC1CCCO1,-1840.074133623
CC12CC3(C)CC1(C)C23,-2043.0569798891
COC(C)C(O)C#N,-1487.424115767
CC1=NC=C(O)NC1=N,-1494.681257352
CC1=C(C=NO1)C1CO1,-1501.817917209
C1CNC(=C1C=O)CO,-1642.6459970251
Cc1c(nc(o1)NC)O,-1549.792862786
O=CCC1NC11CCC1,-1775.118166997
O=C1NCC2OC2C=C1,-1523.450034966
COC1C2CC1(O2)C#N,-1469.20564697
CN1C2C3NC3CC12C,-1814.839486697
COCC(OC)C1CO1,-1761.72524241
CC1C2CC1(C)C2C#N,-1828.7701864971
CC1COC(=N)C1,-1414.705862811
CC(C)CC1OC1C#C,-1868.3340014381
CC1C2NC3C2OC13C,-1757.8051936871
OC1CNC(=O)C1=O,-1237.88072921
C1OC11CN2C=NC=C12,-1441.3448748791
CN1CC2(O)C(O)C12,-1443.340353499
COC1CC(C)C1,-1605.46922632
N=COC(=O)C1CN1,-1271.074072783
CCC1NC1C(O)C=O,-1730.595148429
c1cocc1OC2CC2,-1617.364914433
CC1=CCC(O)C1(C)O,-1856.4784739011
CNc1c([nH]cn1)C#C,-1523.942002022
CC12COC1C1CC2O1,-1703.120921882
c1c[nH]c(c(c1=O)N)N,-1505.705962973
CC12CC(C3CO3)C1N2,-1752.7305284041
c1c(nn(n1)C2CC2)N,-1518.175821821
O=CC1COC(O1)C=O,-1407.252310909
C1COCCN1C=O,-1503.532899306
C1C2NC22CC1CC=C2,-1821.027352946
CCC1(C)CN1CC#N,-1842.2867303571
CC(C)OCC1CO1,-1687.448257098
N#CCN1CC2CC2C1,-1736.149230588
CC1NC(CC1=O)C=O,-1649.116242324
N#CC1C2C3OCC3N12,-1405.724954003
COC1CCC(=O)O1,-1458.9515224011
NC(=O)N1CCC1=N,-1350.834231737
COC1C(C)C2COC12,-1814.401485415
CCC1C2C3CC3(C)N12,-1919.3711909351
OC12CC3C4C3C1C24,-1495.842149002
CCCC(=O)NCC#N,-1721.1875335011
C#CCC1COC=NC1,-1666.5817003211
C1OC2CC1CCCO2,-1856.1258138431
OC1CCCCCC1=O,-1870.6714724631
CC1(COC=O)CO1,-1430.125013959
C1OC1C1C2CC3C2N13,-1615.2721719181
Cn1cnc2c1onc2,-1351.812518268
CC(O)CN1CC1,-1486.389353426
N=COC1(COC1)C=O,-1445.480159189
OCC1C2C3C1C(=O)N23,-1480.4738260831
CC1C(O)CC1N1CC1,-1875.874777091
C1C2C3C4OC1CC2C34,-1775.795876717
OC1COC(=O)CC1O,-1540.615543661
C#CC12COC1C=CC2,-1643.775513225
CC1CC=CC(=O)C1=O,-1649.7161409281
CCN1CC1CO,-1483.856727102
CC(O)C(C#C)C(C)=O,-1729.025120911
COC(=O)C1CC1C#N,-1538.519663601
CC(C#N)C1NCC1O,-1680.6667673351
c1coc2c1N=COC2,-1421.877035663
CC#Cc1cc([nH]n1)C,-1635.4421937051
CC1(O)C2OC2C1C#N,-1497.820684879
Cn1ccc(n1)OC,-1441.460964044
OC(CC1CC1)C=O,-1588.5798215851
CC1=CCC2(C)NC12,-1698.739654044
CC12C(O)C1OCC2O,-1668.857047955
COC12CC1COC2=O,-1579.759555081
O=CC1OCOC1=O,-1174.120794738
CC1(COCC1O)C#N,-1636.398517421
CC1C2(N)COC12C#N,-1551.394265754
CN1C2C3(O)CC1C23O,-1569.627794767
OC1C2OC3C2COC13,-1548.358377212
CC(C)C12OCC1C2O,-1820.492087769
CN=C1OCC1(C)CO,-1738.343629561
CN1CC1C1(C)CC1,-1783.106984076
CNCC(=O)C#CC#N,-1451.590214322
CC1CC(O)C=C1,-1509.7759863471
CC(O)C1NC1(C)CO,-1836.3153547131
OC1C(O)C1CCC=O,-1670.07127787
O=CC1C2CCC12C#N,-1563.894872543
CC12CCCC1C2O,-1757.0327301081
CCc1ncnn1C=O,-1497.388958687
CN1C=NNC(=N)C1=O,-1378.658608306
O=CC1CC2OC(=O)C12,-1466.571991697
C#CC(CO)(CO)C=O,-1544.5857931041
C#CC1OC2C3CN3C12,-1485.589279451
CC1(O)COC1CC#N,-1625.312943427
NC1(CC11CCC1)C#N,-1728.5224862021
CC1CC(CO)(N1)C#N,-1679.4393597311
CC1=CC(=O)OC1=N,-1305.900822283
CC12C3CC1CC=CC23,-1944.7545574941
OC1CC(O)C(=O)C1,-1443.2932903241
OC12CC1C(C2)C1CC1,-1866.844295072
N=C1OCC1NCC#C,-1537.818736048
c1coc(c1O)C2CC2,-1627.655434524
CC(C)CC#CCC#C,-1919.3962912951
CCC1=NN(C)C(=N)O1,-1597.257016037
CN1CC1C1=CN=CO1,-1570.588511046
CC(C)CC(CO)C=O,-1966.8083612991
COC(C#N)C(C)C#C,-1659.9966208751
CCC(C)(CC)C=O,-1882.70270252
c1(nc(nc(n1)F)F)O,-1045.639582006
N=C1OCCOC1=N,-1273.095906781
CC#CC(O)C#N,-1157.907217196
CCC1(O)C2CC2C1C,-1994.564966896
O=C1CC(C=C1)N1CC1,-1678.466093272
COC12C3CN4C(C13)C24,-1629.380456765
COC1CC(C#C)C1C,-1865.9601348911
CC(C)OCCC1CC1,-2116.8388606
CC12CN1C1(C)CC21O,-1740.9383792761
OC1C(OC=N)C1C#N,-1397.867286305
OCC1COC1C#N,-1360.870610683
OCC1C2OC(C#C)C12,-1560.84706133
OC(CC1CO1)C#C,-1438.248117964
COCCCC#CC=O,-1716.7799102851
Cc1c(cc(o1)N)C#N,-1497.695183079
ON=C1CC2CN2C1=N,-1429.4247139151
Cn1c(noc1=O)C#C,-1290.789150545
C1OC11CC2CC1C2,-1622.4872704
COC1CCOC2CC12,-1829.774200897
N=C1OC2CCC1NC2,-1697.535464273
c1c(nc[nH]1)CCC#N,-1557.8111727881
Cc1cc2c([nH]1)cc[nH]2,-1659.5736798091
CC1=CC(=NC)OC1,-1557.480475545
OCCC1(O)CC=CC1,-1849.3662868951
O=CC1CC2CCC1O2,-1747.6922586431
OCCC(C=O)C#N,-1383.083174265
CC1=CCC2=CCOC12,-1791.7948461811
C#CC1CC2(C1)CCC2,-1916.065473523
COC1C2C(O)C2C1=O,-1550.501947956
CC1(CO)OCC(=N)O1,-1588.654495156
OC12CCC1(CC2)C#N,-1676.6933803471
CN1C2C3C1C2(C)N3C,-1771.762876374
Cc1c(ncn1C=O)O,-1450.517173932
OCC1OC2CC2O1,-1406.182408064
CC#CC1COC11CC1,-1749.335704714
CC(=O)CN=COC,-1494.298476862
C1COCCC1(C#N)O,-1639.084255941
N=C1CC(=O)CCCO1,-1646.764338592
COC12COC1CCC2,-1837.7253674361
COc1c(c(c[nH]1)O)N,-1526.826033386
CC#CCC1(O)CC1C,-1878.4224636311
c1c(cc(=O)[nH]c1N)N,-1518.823411109
C1CC23CCC12CO3,-1593.986439129
COC1C2OC2CC1O,-1667.069274814
CC12NC3(C#C)C1NC23,-1533.5077492181
CC1NC(=O)C(CO)=C1,-1659.970893006
COC12CC1(C)CC2,-1734.778123423
CC(C)C1OCCC1=O,-1866.1358374111
CC1(O)CC(O)(C1)C#C,-1705.169738767
CC1CC(CCO)C=C1,-2017.5732118901
NC1=C(N)C(=N)ON=N1,-1238.392776554
O=CCC1CC(=O)C=C1,-1650.1315518861
OCC(O)C1(CO1)C=O,-1502.9373932651
OCCC1CCN=CO1,-1747.768187232
C1C2C3C=CC=CC1C23,-1823.905736729
CCC(=O)C1(CC1)C=O,-1751.474255386
C1C=C2C3C4C3N1C24,-1376.991944402
CC(=O)NCC1(C)CN1,-1809.333095222
CCC1CN1C1CCC1,-2043.9957333531
OCC1OCC(=C1)C#N,-1523.979652562
CC1CC1(C)C(O)CO,-1949.5593939071
CC12C3CC1N3C2C#C,-1649.3352429651
CCC1=CCOCC1O,-1850.6420126921
CCn1ccc(c1N)C,-1876.052989647
COc1ncccn1,-1354.727925082
